[
  {
    "value": "category",
    "synonyms": [
      "category",
      "kind",
      "types",
      "type",
      "kinds",
      "categories"
    ]
  },
  {
    "value": "price",
    "synonyms": [
      "price",
      "value",
      "total",
      "cost"
    ]
  },
  {
    "value": "amount",
    "synonyms": [
      "amount",
      "number",
      "how many",
      "count"
    ]
  },
  {
    "value": "names",
    "synonyms": [
      "names",
      "name",
      "titles",
      "title",
      "things",
      "thing",
      "whats in my cart"
    ]
  }
]