[
  {
    "value": "hats",
    "synonyms": [
      "hats",
      "caps",
      "beanies",
      "headgear"
    ]
  },
  {
    "value": "sweatshirts",
    "synonyms": [
      "sweatshirts",
      "sweaters"
    ]
  },
  {
    "value": "plushes",
    "synonyms": [
      "plushes",
      "toys",
      "teddy bears",
      "stuffed animals"
    ]
  },
  {
    "value": "leggings",
    "synonyms": [
      "leggings",
      "yoga pants"
    ]
  },
  {
    "value": "tees",
    "synonyms": [
      "tees",
      "tshirts",
      "shirts",
      "tops"
    ]
  },
  {
    "value": "bottoms",
    "synonyms": [
      "bottoms",
      "pants",
      "shorts",
      "skirts"
    ]
  }
]