[
  {
    "value": "2",
    "synonyms": [
      "Bucky Crew Neck Sweatshirt",
      "Sweatshirt",
      "Bucky Crew Neck",
      "Crew Neck",
      "Bucky Sweatshirt",
      "Crew Necks",
      "Bucky Crew Necks",
      "Sweatshirts",
      "Bucky Crew Neck Sweatshirts"
    ]
  },
  {
    "value": "3",
    "synonyms": [
      "Bucky Badger Plush",
      "Bucky Plush",
      "Badger Plush",
      "Badger Plushes",
      "Bucky Bader Plushes",
      "Bucky Plushes"
    ]
  },
  {
    "value": "4",
    "synonyms": [
      "Wisconsin Leggings"
    ]
  },
  {
    "value": "5",
    "synonyms": [
      "Game Day Bucky Plush",
      "Game Day Plush",
      "Game Day Bucky Plushes",
      "Game Day Plushes"
    ]
  },
  {
    "value": "6",
    "synonyms": [
      "Bucky Badger Leggings",
      "Bucky Leggings",
      "Badger Leggings"
    ]
  },
  {
    "value": "7",
    "synonyms": [
      "W Cloud Pillow",
      "Cloud Pillow",
      "Wisconsin Pillow",
      "Cloud Pillows",
      "W Cloud Pillows",
      "WIsconsin Pillows"
    ]
  },
  {
    "value": "8",
    "synonyms": [
      "Bucky Badger Pillow",
      "Bucky Pillow",
      "Badger Pillow",
      "Bucky Badger Pillows",
      "Bucky Pillows"
    ]
  },
  {
    "value": "9",
    "synonyms": [
      "Bucky Badger Keychain",
      "Keychain",
      "Bucky Keychain",
      "Badger Keychain",
      "Keychains"
    ]
  },
  {
    "value": "10",
    "synonyms": [
      "Wisconsin Football Hat",
      "Football Hat",
      "Hat",
      "Hats"
    ]
  },
  {
    "value": "11",
    "synonyms": [
      "White Wisconsin Visor",
      "Visor",
      "White Visor",
      "Visors"
    ]
  },
  {
    "value": "12",
    "synonyms": [
      "Jump Around Shirt",
      "Shirt",
      "Jump Around Tee",
      "Jump Around TShirt",
      "Tees",
      "Shirts",
      "TShirts"
    ]
  },
  {
    "value": "13",
    "synonyms": [
      "150 Year Commemorative Hoodie",
      "Hoodie",
      "Commemorative Hoodie",
      "Hoodies"
    ]
  },
  {
    "value": "14",
    "synonyms": [
      "Women\u0027s Wisconsin Cuddle Joggers",
      "Cuddle Joggers",
      "Joggers",
      "Jogger",
      "Women\u0027s Joggers"
    ]
  },
  {
    "value": "15",
    "synonyms": [
      "Wisconsin Sweatpants",
      "Sweatpant",
      "Sweatpants"
    ]
  },
  {
    "value": "16",
    "synonyms": [
      "Wisconsin Qualifier Woven Short",
      "Woven Short",
      "Woven Shorts"
    ]
  },
  {
    "value": "17",
    "synonyms": [
      "Wisconsin Running Shorts",
      "Running Shorts",
      "Running Short"
    ]
  },
  {
    "value": "1",
    "synonyms": [
      "this",
      "these"
    ]
  }
]