[
  {
    "value": "reviews",
    "synonyms": [
      "reviews",
      "review",
      "rating",
      "rate",
      "stars",
      "star",
      "score"
    ]
  },
  {
    "value": "category",
    "synonyms": [
      "category",
      "kind",
      "type"
    ]
  },
  {
    "value": "description",
    "synonyms": [
      "description"
    ]
  },
  {
    "value": "name",
    "synonyms": [
      "name",
      "title",
      "called"
    ]
  },
  {
    "value": "price",
    "synonyms": [
      "price",
      "cost",
      "value"
    ]
  }
]