[
  {
    "value": "home",
    "synonyms": [
      "home",
      "homepage",
      "back",
      "previous",
      "main",
      "start",
      "first",
      "home page"
    ]
  },
  {
    "value": "hats",
    "synonyms": [
      "hats",
      "hat",
      "cap",
      "caps",
      "hat page",
      "hats page",
      "cap page",
      "caps page",
      "headgear",
      "headwear",
      "head"
    ]
  },
  {
    "value": "sweatshirts",
    "synonyms": [
      "sweatshirts",
      "sweatshirt",
      "sweaters",
      "sweater",
      "hoodie",
      "hoodies",
      "sweatshirts page",
      "sweatshirt page",
      "sweater page",
      "sweaters page"
    ]
  },
  {
    "value": "plushes",
    "synonyms": [
      "plushes",
      "teddy bear",
      "plush",
      "teddy bears",
      "toy",
      "toys",
      "toy page",
      "plushes page",
      "plush page",
      "teddy bear page"
    ]
  },
  {
    "value": "leggings",
    "synonyms": [
      "leggings",
      "legging",
      "yoga pants",
      "yoga pant",
      "leggings page",
      "yoga pants page"
    ]
  },
  {
    "value": "tees",
    "synonyms": [
      "tees",
      "tees page",
      "tshirt",
      "tshirts",
      "tee",
      "tee page",
      "tshirt page",
      "shirt",
      "shirt page",
      "top",
      "top page"
    ]
  },
  {
    "value": "bottoms",
    "synonyms": [
      "bottoms",
      "bottom",
      "pants",
      "pant",
      "short",
      "shorts",
      "skirts",
      "skirt",
      "pants page",
      "bottoms page",
      "bottom page",
      "pant page",
      "shorts page",
      "short page",
      "skirt page"
    ]
  },
  {
    "value": "cart",
    "synonyms": [
      "cart",
      "checkout",
      "purchase",
      "shopping cart",
      "my cart",
      "my purchases",
      "purchases",
      "my shopping cart"
    ]
  }
]