[
  {
    "id": "bcde5ffb-d964-4013-a98a-abed1af0bfb4",
    "data": [
      {
        "text": "i\u0027m ready to complete my order",
        "userDefined": false
      }
    ],
    "isTemplate": false,
    "count": 0,
    "lang": "en",
    "updated": 0
  },
  {
    "id": "9b98a836-89ea-48c2-9369-ecd4cf56e483",
    "data": [
      {
        "text": "id like to complete my order",
        "userDefined": false
      }
    ],
    "isTemplate": false,
    "count": 0,
    "lang": "en",
    "updated": 0
  },
  {
    "id": "b1bf4e21-24b7-4d18-bcf3-45f2f102885c",
    "data": [
      {
        "text": "id like to submit my order",
        "userDefined": false
      }
    ],
    "isTemplate": false,
    "count": 0,
    "lang": "en",
    "updated": 0
  },
  {
    "id": "b5b3bcbe-80c3-4351-85d8-2d29a9176365",
    "data": [
      {
        "text": "i\u0027m ready to buy",
        "userDefined": false
      }
    ],
    "isTemplate": false,
    "count": 0,
    "lang": "en",
    "updated": 0
  },
  {
    "id": "4a538a5b-7a76-4948-a550-ebad04c5ab20",
    "data": [
      {
        "text": "i\u0027m ready to order",
        "userDefined": false
      }
    ],
    "isTemplate": false,
    "count": 0,
    "lang": "en",
    "updated": 0
  },
  {
    "id": "270acf51-e8f9-4212-9579-f25176809966",
    "data": [
      {
        "text": "looks like i\u0027m ready to check out",
        "userDefined": false
      }
    ],
    "isTemplate": false,
    "count": 0,
    "lang": "en",
    "updated": 0
  },
  {
    "id": "5eca6990-d8b5-46fc-bf75-fb0d6dca9559",
    "data": [
      {
        "text": "i want to review ",
        "userDefined": false
      },
      {
        "text": "my cart",
        "meta": "@sys.ignore",
        "userDefined": false
      }
    ],
    "isTemplate": false,
    "count": 0,
    "lang": "en",
    "updated": 0
  },
  {
    "id": "d775effd-3a5f-405d-84d0-31b4e8862d44",
    "data": [
      {
        "text": "i\u0027m ready to ",
        "userDefined": false
      },
      {
        "text": "purchase",
        "meta": "@sys.ignore",
        "userDefined": false
      }
    ],
    "isTemplate": false,
    "count": 0,
    "lang": "en",
    "updated": 0
  },
  {
    "id": "770da4ae-a92f-4350-ac32-fca2134d42f9",
    "data": [
      {
        "text": "i\u0027m ready to ",
        "userDefined": false
      },
      {
        "text": "purchase",
        "meta": "@sys.ignore",
        "userDefined": false
      },
      {
        "text": " my stuff",
        "userDefined": false
      }
    ],
    "isTemplate": false,
    "count": 0,
    "lang": "en",
    "updated": 0
  },
  {
    "id": "521628e3-9f4e-45dd-a65c-24acf3262ff0",
    "data": [
      {
        "text": "take me to ",
        "userDefined": false
      },
      {
        "text": "checkout",
        "meta": "@sys.ignore",
        "userDefined": false
      }
    ],
    "isTemplate": false,
    "count": 0,
    "lang": "en",
    "updated": 0
  },
  {
    "id": "a1c56a2b-4b50-4054-970b-56b95b550699",
    "data": [
      {
        "text": "i\u0027m ready to ",
        "userDefined": false
      },
      {
        "text": "checkout",
        "meta": "@sys.ignore",
        "userDefined": false
      }
    ],
    "isTemplate": false,
    "count": 0,
    "lang": "en",
    "updated": 0
  }
]