[
  {
    "id": "4569b824-ed20-41ef-adad-483ec8cae034",
    "data": [
      {
        "text": "show me everything with ",
        "userDefined": false
      },
      {
        "text": "polyester",
        "meta": "@tagEntities",
        "alias": "tag",
        "userDefined": false
      }
    ],
    "isTemplate": false,
    "count": 0,
    "lang": "en",
    "updated": 0
  },
  {
    "id": "3aa558cd-fd6e-48bf-9bb6-1f21b620581b",
    "data": [
      {
        "text": "do you have any with ",
        "userDefined": false
      },
      {
        "text": "polyester",
        "meta": "@tagEntities",
        "alias": "tag",
        "userDefined": false
      }
    ],
    "isTemplate": false,
    "count": 0,
    "lang": "en",
    "updated": 0
  },
  {
    "id": "853556c3-3962-445d-beb5-02f38684fcaa",
    "data": [
      {
        "text": "im only intrested in ",
        "userDefined": false
      },
      {
        "text": "logo",
        "meta": "@tagEntities",
        "alias": "tag",
        "userDefined": false
      }
    ],
    "isTemplate": false,
    "count": 0,
    "lang": "en",
    "updated": 0
  },
  {
    "id": "8ad1c946-98ef-431a-b078-c0be55f6495e",
    "data": [
      {
        "text": "can you apply the filter for ",
        "userDefined": false
      },
      {
        "text": "men",
        "meta": "@tagEntities",
        "alias": "tag",
        "userDefined": false
      }
    ],
    "isTemplate": false,
    "count": 0,
    "lang": "en",
    "updated": 0
  },
  {
    "id": "8fb0edeb-9d33-4070-bf51-4ce275b8c864",
    "data": [
      {
        "text": "only display ",
        "userDefined": false
      },
      {
        "text": "keychains",
        "meta": "@tagEntities",
        "alias": "tag",
        "userDefined": false
      }
    ],
    "isTemplate": false,
    "count": 0,
    "lang": "en",
    "updated": 0
  },
  {
    "id": "0d2aebaa-62ca-4bbe-85c4-370c8a78ec66",
    "data": [
      {
        "text": "use the ",
        "userDefined": false
      },
      {
        "text": "red",
        "meta": "@tagEntities",
        "alias": "tag",
        "userDefined": false
      },
      {
        "text": " filter",
        "userDefined": false
      }
    ],
    "isTemplate": false,
    "count": 0,
    "lang": "en",
    "updated": 0
  },
  {
    "id": "d96707e8-3d73-48d8-81ef-3107cefe0d2f",
    "data": [
      {
        "text": "apply the ",
        "userDefined": false
      },
      {
        "text": "black",
        "meta": "@tagEntities",
        "alias": "tag",
        "userDefined": false
      },
      {
        "text": " filter",
        "userDefined": false
      }
    ],
    "isTemplate": false,
    "count": 0,
    "lang": "en",
    "updated": 0
  },
  {
    "id": "1b6b2351-16d5-4d3d-ac80-519cafda3c52",
    "data": [
      {
        "text": "i only want to see ",
        "userDefined": false
      },
      {
        "text": "pants",
        "meta": "@tagEntities",
        "alias": "tag",
        "userDefined": false
      }
    ],
    "isTemplate": false,
    "count": 0,
    "lang": "en",
    "updated": 0
  },
  {
    "id": "d7bbd655-df0c-42b3-a664-8d0c46e60eb2",
    "data": [
      {
        "text": "only show me the ones for ",
        "userDefined": false
      },
      {
        "text": "girls",
        "meta": "@tagEntities",
        "alias": "tag",
        "userDefined": false
      }
    ],
    "isTemplate": false,
    "count": 0,
    "lang": "en",
    "updated": 0
  },
  {
    "id": "2ced0176-9ef5-46fe-b802-506a07e8c76b",
    "data": [
      {
        "text": "show me only the ",
        "userDefined": false
      },
      {
        "text": "red",
        "meta": "@tagEntities",
        "alias": "tag",
        "userDefined": false
      },
      {
        "text": " ones",
        "userDefined": false
      }
    ],
    "isTemplate": false,
    "count": 0,
    "lang": "en",
    "updated": 0
  }
]