[
  {
    "id": "d86d286e-cf2f-4ae4-a61e-16da3744ad57",
    "data": [
      {
        "text": "erase everything in my cart",
        "userDefined": false
      }
    ],
    "isTemplate": false,
    "count": 0,
    "lang": "en",
    "updated": 0
  },
  {
    "id": "3ebbc986-f45e-425c-b7c9-5aac96b26018",
    "data": [
      {
        "text": "erase my cart",
        "userDefined": false
      }
    ],
    "isTemplate": false,
    "count": 0,
    "lang": "en",
    "updated": 0
  },
  {
    "id": "c5b98214-4adb-480d-850e-dd17c1ac65c6",
    "data": [
      {
        "text": "empty everything in my cart",
        "userDefined": false
      }
    ],
    "isTemplate": false,
    "count": 0,
    "lang": "en",
    "updated": 0
  },
  {
    "id": "9daac468-fcaf-4b7b-91b3-afad9065e24f",
    "data": [
      {
        "text": "empty my cart",
        "userDefined": false
      }
    ],
    "isTemplate": false,
    "count": 0,
    "lang": "en",
    "updated": 0
  },
  {
    "id": "c37ffea7-9500-473b-9d21-b95623df608d",
    "data": [
      {
        "text": "please remove all the ",
        "userDefined": false
      },
      {
        "text": "items",
        "meta": "@sys.ignore",
        "userDefined": false
      },
      {
        "text": " in my cart",
        "userDefined": false
      }
    ],
    "isTemplate": false,
    "count": 0,
    "lang": "en",
    "updated": 0
  },
  {
    "id": "4e6a80cc-57e9-4492-a928-47c67044257c",
    "data": [
      {
        "text": "can you remove all the ",
        "userDefined": false
      },
      {
        "text": "items",
        "meta": "@sys.ignore",
        "userDefined": false
      },
      {
        "text": " in my cart",
        "userDefined": false
      }
    ],
    "isTemplate": false,
    "count": 0,
    "lang": "en",
    "updated": 0
  },
  {
    "id": "d1161211-533a-40ce-a01e-c9443dad7b46",
    "data": [
      {
        "text": "remove every ",
        "userDefined": false
      },
      {
        "text": "item",
        "meta": "@sys.ignore",
        "userDefined": false
      },
      {
        "text": " in my cart",
        "userDefined": false
      }
    ],
    "isTemplate": false,
    "count": 0,
    "lang": "en",
    "updated": 0
  },
  {
    "id": "3b8fb831-8243-4624-bc18-f453b63b8f31",
    "data": [
      {
        "text": "clean my cart",
        "userDefined": false
      }
    ],
    "isTemplate": false,
    "count": 0,
    "lang": "en",
    "updated": 0
  },
  {
    "id": "9cb7c84e-f4ab-4b55-bdee-32ee735c2a0d",
    "data": [
      {
        "text": "clear my entire cart",
        "userDefined": false
      }
    ],
    "isTemplate": false,
    "count": 0,
    "lang": "en",
    "updated": 0
  },
  {
    "id": "04a9ff81-2f05-418d-a907-4b011a781857",
    "data": [
      {
        "text": "remove all the ",
        "userDefined": false
      },
      {
        "text": "items",
        "meta": "@sys.ignore",
        "userDefined": false
      },
      {
        "text": " in my cart",
        "userDefined": false
      }
    ],
    "isTemplate": false,
    "count": 0,
    "lang": "en",
    "updated": 0
  },
  {
    "id": "2fa7e33a-01f1-4bc8-adaa-79f9ff341030",
    "data": [
      {
        "text": "clear everything in my cart",
        "userDefined": false
      }
    ],
    "isTemplate": false,
    "count": 0,
    "lang": "en",
    "updated": 0
  },
  {
    "id": "274ffaa2-70b4-49eb-8865-a20842267062",
    "data": [
      {
        "text": "clear my cart",
        "userDefined": false
      }
    ],
    "isTemplate": false,
    "count": 0,
    "lang": "en",
    "updated": 0
  }
]