[
  {
    "id": "02639a67-88a5-43f2-b787-5eaee1066027",
    "data": [
      {
        "text": "sign in with username ",
        "userDefined": false
      },
      {
        "text": "\u003cusername\u003e",
        "meta": "@sys.any",
        "alias": "username",
        "userDefined": true
      },
      {
        "text": " and password ",
        "userDefined": false
      },
      {
        "text": "\u003cpassword\u003e",
        "meta": "@sys.any",
        "alias": "password",
        "userDefined": true
      },
      {
        "text": ".",
        "userDefined": false
      }
    ],
    "isTemplate": false,
    "count": 0,
    "lang": "en",
    "updated": 0
  },
  {
    "id": "81214114-9b4f-4e15-8893-3c1ca7231cdf",
    "data": [
      {
        "text": "login with username ",
        "userDefined": false
      },
      {
        "text": "\u003cusername\u003e",
        "meta": "@sys.any",
        "alias": "username",
        "userDefined": true
      },
      {
        "text": " and password ",
        "userDefined": false
      },
      {
        "text": "\u003cpassword\u003e",
        "meta": "@sys.any",
        "alias": "password",
        "userDefined": true
      },
      {
        "text": ".",
        "userDefined": false
      }
    ],
    "isTemplate": false,
    "count": 0,
    "lang": "en",
    "updated": 0
  },
  {
    "id": "49f1f635-3092-4209-a8f2-d93c8a1143ad",
    "data": [
      {
        "text": "log in with username ",
        "userDefined": false
      },
      {
        "text": "\u003cusername\u003e",
        "meta": "@sys.any",
        "alias": "username",
        "userDefined": true
      },
      {
        "text": " and password ",
        "userDefined": false
      },
      {
        "text": "\u003cpassword\u003e",
        "meta": "@sys.any",
        "alias": "password",
        "userDefined": true
      },
      {
        "text": ".",
        "userDefined": false
      }
    ],
    "isTemplate": false,
    "count": 0,
    "lang": "en",
    "updated": 0
  }
]