[
  {
    "id": "53b10b71-4c40-4440-a792-22c55642930d",
    "data": [
      {
        "text": "can you check if i\u0027m signed in",
        "userDefined": false
      }
    ],
    "isTemplate": false,
    "count": 0,
    "lang": "en",
    "updated": 0
  },
  {
    "id": "62ee1d80-8ff7-42fa-be99-671621c3febd",
    "data": [
      {
        "text": "can you check if i\u0027m logged in",
        "userDefined": false
      }
    ],
    "isTemplate": false,
    "count": 0,
    "lang": "en",
    "updated": 0
  },
  {
    "id": "82d15ce9-14cb-4400-9abc-bb33856145af",
    "data": [
      {
        "text": "did i sign in",
        "userDefined": false
      }
    ],
    "isTemplate": false,
    "count": 0,
    "lang": "en",
    "updated": 0
  },
  {
    "id": "ab92be43-2dba-44b1-8a49-f1dc80cf6a48",
    "data": [
      {
        "text": "is anyone signed in",
        "userDefined": false
      }
    ],
    "isTemplate": false,
    "count": 0,
    "lang": "en",
    "updated": 0
  },
  {
    "id": "07435dda-d24c-4e6f-8600-a98447567a84",
    "data": [
      {
        "text": "is anyone logged in",
        "userDefined": false
      }
    ],
    "isTemplate": false,
    "count": 0,
    "lang": "en",
    "updated": 0
  },
  {
    "id": "819d59f2-0d0e-461e-ac85-b99e7a3c0884",
    "data": [
      {
        "text": "did i login",
        "userDefined": false
      }
    ],
    "isTemplate": false,
    "count": 0,
    "lang": "en",
    "updated": 0
  },
  {
    "id": "42836332-62f8-4d7b-8722-27e439f989f0",
    "data": [
      {
        "text": "am i currently signed in",
        "userDefined": false
      }
    ],
    "isTemplate": false,
    "count": 0,
    "lang": "en",
    "updated": 0
  },
  {
    "id": "539f666d-9ef8-43e3-b940-8c8d811a47d2",
    "data": [
      {
        "text": "am i currently logged in",
        "userDefined": false
      }
    ],
    "isTemplate": false,
    "count": 0,
    "lang": "en",
    "updated": 0
  },
  {
    "id": "510f621a-6adc-4de3-b4f0-8e9e699c07e7",
    "data": [
      {
        "text": "am i signed in",
        "userDefined": false
      }
    ],
    "isTemplate": false,
    "count": 0,
    "lang": "en",
    "updated": 0
  },
  {
    "id": "b3ee0cca-6394-4cbf-bb67-edcc0ea87548",
    "data": [
      {
        "text": "am i logged in",
        "userDefined": false
      }
    ],
    "isTemplate": false,
    "count": 0,
    "lang": "en",
    "updated": 0
  }
]