[
  {
    "id": "fbecf0d1-78c1-4770-a462-b2de93873988",
    "data": [
      {
        "text": "show me more info on the ",
        "userDefined": false
      },
      {
        "text": "Game Day Bucky Plush",
        "meta": "@idEntities",
        "alias": "id",
        "userDefined": false
      }
    ],
    "isTemplate": false,
    "count": 0,
    "lang": "en",
    "updated": 0
  },
  {
    "id": "21673c5a-1aa5-4127-a8c6-34d1b784633f",
    "data": [
      {
        "text": "show me more information on the ",
        "userDefined": false
      },
      {
        "text": "Game Day Bucky Plush",
        "meta": "@idEntities",
        "alias": "id",
        "userDefined": false
      }
    ],
    "isTemplate": false,
    "count": 0,
    "lang": "en",
    "updated": 0
  },
  {
    "id": "da3db12f-cae9-4ebc-8113-aab684ab92d4",
    "data": [
      {
        "text": "navigate to the ",
        "userDefined": false
      },
      {
        "text": "W Cloud Pillow",
        "meta": "@idEntities",
        "alias": "id",
        "userDefined": false
      }
    ],
    "isTemplate": false,
    "count": 0,
    "lang": "en",
    "updated": 0
  },
  {
    "id": "2eefd803-802d-4aed-9cc8-4b91e97a5044",
    "data": [
      {
        "text": "i like the ",
        "userDefined": false
      },
      {
        "text": "Bucky Badger Keychain",
        "meta": "@idEntities",
        "alias": "id",
        "userDefined": false
      }
    ],
    "isTemplate": false,
    "count": 0,
    "lang": "en",
    "updated": 0
  },
  {
    "id": "ef722d92-7275-491a-9aae-9b4f1c58c147",
    "data": [
      {
        "text": "select the ",
        "userDefined": false
      },
      {
        "text": "Wisconsin Running Shorts",
        "meta": "@idEntities",
        "alias": "id",
        "userDefined": false
      }
    ],
    "isTemplate": false,
    "count": 0,
    "lang": "en",
    "updated": 0
  },
  {
    "id": "d66d4017-d819-441b-9620-1d2dbffaa53f",
    "data": [
      {
        "text": "open the ",
        "userDefined": false
      },
      {
        "text": "Wisconsin Qualifier Woven Short",
        "meta": "@idEntities",
        "alias": "id",
        "userDefined": false
      }
    ],
    "isTemplate": false,
    "count": 0,
    "lang": "en",
    "updated": 0
  },
  {
    "id": "80f83f6c-6a4b-4ad4-8ca8-1bc21e4b9293",
    "data": [
      {
        "text": "show me that ",
        "userDefined": false
      },
      {
        "text": "keychain",
        "meta": "@idEntities",
        "alias": "id",
        "userDefined": false
      }
    ],
    "isTemplate": false,
    "count": 0,
    "lang": "en",
    "updated": 0
  },
  {
    "id": "e82be25d-a5bd-4868-bf58-7714ddac8327",
    "data": [
      {
        "text": "let me see that ",
        "userDefined": false
      },
      {
        "text": "keychain",
        "meta": "@idEntities",
        "alias": "id",
        "userDefined": false
      }
    ],
    "isTemplate": false,
    "count": 0,
    "lang": "en",
    "updated": 0
  },
  {
    "id": "b22208e1-dbca-4a06-8a38-891e96714950",
    "data": [
      {
        "text": "i want to see that ",
        "userDefined": false
      },
      {
        "text": "White Wisconsin Visor",
        "meta": "@idEntities",
        "alias": "id",
        "userDefined": false
      }
    ],
    "isTemplate": false,
    "count": 0,
    "lang": "en",
    "updated": 0
  },
  {
    "id": "538f7b97-7ad0-43ba-be57-390d61312e24",
    "data": [
      {
        "text": "take me to the ",
        "userDefined": false
      },
      {
        "text": "150 Year Commemorative Hoodie",
        "meta": "@idEntities",
        "alias": "id",
        "userDefined": false
      }
    ],
    "isTemplate": false,
    "count": 0,
    "lang": "en",
    "updated": 0
  },
  {
    "id": "e8632caa-8bff-454c-8854-27bcdf27476e",
    "data": [
      {
        "text": "show me those ",
        "userDefined": false
      },
      {
        "text": "Wisconsin Sweatpants",
        "meta": "@idEntities",
        "alias": "id",
        "userDefined": false
      }
    ],
    "isTemplate": false,
    "count": 0,
    "lang": "en",
    "updated": 0
  }
]