[
  {
    "id": "6ea8ecc0-eebb-469f-a9a3-b4f712c6aab6",
    "data": [
      {
        "text": "list the categories",
        "userDefined": false
      }
    ],
    "isTemplate": false,
    "count": 0,
    "lang": "en",
    "updated": 0
  },
  {
    "id": "260db217-969f-4b0e-a742-4bd7335661c2",
    "data": [
      {
        "text": "i\u0027d like to know the categories",
        "userDefined": false
      }
    ],
    "isTemplate": false,
    "count": 0,
    "lang": "en",
    "updated": 0
  },
  {
    "id": "d4537611-1b09-4b7b-8384-482f449ad859",
    "data": [
      {
        "text": "can you list the categories",
        "userDefined": false
      }
    ],
    "isTemplate": false,
    "count": 0,
    "lang": "en",
    "updated": 0
  },
  {
    "id": "238f9067-9153-4cf5-bf6e-ccdac51a6049",
    "data": [
      {
        "text": "what do you sell",
        "userDefined": false
      }
    ],
    "isTemplate": false,
    "count": 0,
    "lang": "en",
    "updated": 0
  },
  {
    "id": "0b3eeb26-64a6-4c62-80b8-29d0af17f844",
    "data": [
      {
        "text": "what kind of stuff do you sell",
        "userDefined": false
      }
    ],
    "isTemplate": false,
    "count": 0,
    "lang": "en",
    "updated": 0
  },
  {
    "id": "384b7450-da90-4fe3-80a4-6e61a73c623d",
    "data": [
      {
        "text": "what kind of things do you sell",
        "userDefined": false
      }
    ],
    "isTemplate": false,
    "count": 0,
    "lang": "en",
    "updated": 0
  },
  {
    "id": "e28f5a7e-5b4f-4e68-9cdc-2fbeeed8ae49",
    "data": [
      {
        "text": "what do you sell here?",
        "userDefined": false
      }
    ],
    "isTemplate": false,
    "count": 0,
    "lang": "en",
    "updated": 0
  },
  {
    "id": "92e23cb0-cfc8-486d-88b7-6f928c525f0d",
    "data": [
      {
        "text": "can you tell me the categories",
        "userDefined": false
      }
    ],
    "isTemplate": false,
    "count": 0,
    "lang": "en",
    "updated": 0
  },
  {
    "id": "82c2ff0b-a2fa-42e9-b12b-c9e01820b8e6",
    "data": [
      {
        "text": "tell me the categories",
        "userDefined": false
      }
    ],
    "isTemplate": false,
    "count": 0,
    "lang": "en",
    "updated": 0
  },
  {
    "id": "0bb34cc4-af11-4a50-9cb4-6ecfe6558e9c",
    "data": [
      {
        "text": "what things do you sell?",
        "userDefined": false
      }
    ],
    "isTemplate": false,
    "count": 0,
    "lang": "en",
    "updated": 0
  },
  {
    "id": "6aab98e5-cec0-4bff-bda0-b425705a127f",
    "data": [
      {
        "text": "what are the categories?",
        "userDefined": false
      }
    ],
    "isTemplate": false,
    "count": 0,
    "lang": "en",
    "updated": 0
  },
  {
    "id": "2de8341e-66c1-4a7e-af3d-c81bf08f4e44",
    "data": [
      {
        "text": "categories",
        "userDefined": false
      }
    ],
    "isTemplate": false,
    "count": 0,
    "lang": "en",
    "updated": 0
  }
]