[
  {
    "id": "d046ac03-7ac9-4087-87b1-6e31f44d1488",
    "data": [
      {
        "text": "id like to know ",
        "userDefined": false
      },
      {
        "text": "items",
        "meta": "@categoryEntities",
        "alias": "category",
        "userDefined": true
      },
      {
        "text": " tags",
        "userDefined": false
      }
    ],
    "isTemplate": false,
    "count": 0,
    "lang": "en",
    "updated": 0
  },
  {
    "id": "cae6ff88-2af6-43bb-af46-a2949fcaa2fd",
    "data": [
      {
        "text": "tags for ",
        "userDefined": false
      },
      {
        "text": "item",
        "meta": "@categoryEntities",
        "alias": "category",
        "userDefined": true
      }
    ],
    "isTemplate": false,
    "count": 0,
    "lang": "en",
    "updated": 0
  },
  {
    "id": "940f68d5-6b81-4e8b-a93a-9597ab2cbfa6",
    "data": [
      {
        "text": "show ",
        "userDefined": false
      },
      {
        "text": "item",
        "meta": "@categoryEntities",
        "alias": "category",
        "userDefined": true
      },
      {
        "text": " tags",
        "userDefined": false
      }
    ],
    "isTemplate": false,
    "count": 0,
    "lang": "en",
    "updated": 0
  },
  {
    "id": "72e5f5b6-b9fa-488a-9056-9676e82a1e71",
    "data": [
      {
        "text": "can you list the tags for ",
        "userDefined": false
      },
      {
        "text": "item",
        "meta": "@categoryEntities",
        "alias": "category",
        "userDefined": true
      }
    ],
    "isTemplate": false,
    "count": 0,
    "lang": "en",
    "updated": 0
  },
  {
    "id": "6ad9930a-65e1-4a0c-bcef-3fad262eda73",
    "data": [
      {
        "text": "show tags for ",
        "userDefined": false
      },
      {
        "text": "item",
        "meta": "@categoryEntities",
        "alias": "category",
        "userDefined": true
      }
    ],
    "isTemplate": false,
    "count": 0,
    "lang": "en",
    "updated": 0
  },
  {
    "id": "f32c9251-6039-4b1d-b962-14bcb101cc44",
    "data": [
      {
        "text": "what are the tags for ",
        "userDefined": false
      },
      {
        "text": "item",
        "meta": "@categoryEntities",
        "alias": "category",
        "userDefined": true
      }
    ],
    "isTemplate": false,
    "count": 0,
    "lang": "en",
    "updated": 0
  },
  {
    "id": "f0ea0f51-2abb-491e-8cc0-fb4bb93a2c17",
    "data": [
      {
        "text": "show me the tags for ",
        "userDefined": false
      },
      {
        "text": "item",
        "meta": "@categoryEntities",
        "alias": "category",
        "userDefined": true
      }
    ],
    "isTemplate": false,
    "count": 0,
    "lang": "en",
    "updated": 0
  },
  {
    "id": "8722049c-8289-4ee7-956f-cc3f30c75a78",
    "data": [
      {
        "text": "show me tags for ",
        "userDefined": false
      },
      {
        "text": "item",
        "meta": "@categoryEntities",
        "alias": "category",
        "userDefined": true
      }
    ],
    "isTemplate": false,
    "count": 1,
    "lang": "en",
    "updated": 0
  },
  {
    "id": "c82b9e19-b6b7-4854-8c9f-914ddb46e910",
    "data": [
      {
        "text": "what types of ",
        "userDefined": false
      },
      {
        "text": "items",
        "meta": "@categoryEntities",
        "alias": "category",
        "userDefined": true
      },
      {
        "text": " do you sell",
        "userDefined": false
      }
    ],
    "isTemplate": false,
    "count": 0,
    "lang": "en",
    "updated": 0
  },
  {
    "id": "234162d3-0a8d-4ea2-90bb-d303eeca3cb4",
    "data": [
      {
        "text": "what kind of ",
        "userDefined": false
      },
      {
        "text": "item",
        "meta": "@categoryEntities",
        "alias": "category",
        "userDefined": true
      },
      {
        "text": " do you sell",
        "userDefined": false
      }
    ],
    "isTemplate": false,
    "count": 0,
    "lang": "en",
    "updated": 0
  }
]